﻿<?xml version="1.0" encoding="utf-8"?>
<deployment>
  <id>9a97a03a-ed87-4b69-8c2e-403477485ce6</id>
  <author>N/A</author>
  <deployer>Push-Deployer</deployer>
  <authorEmail>N/A</authorEmail>
  <message>Created via a push deployment</message>
  <progress></progress>
  <status>Failed</status>
  <statusText></statusText>
  <lastSuccessEndTime />
  <receivedTime>2025-10-07T20:30:21.8187779Z</receivedTime>
  <startTime>2025-10-07T20:30:23.1643489Z</startTime>
  <endTime>2025-10-07T20:30:29.4027401Z</endTime>
  <complete>True</complete>
  <is_temp>False</is_temp>
  <is_readonly>True</is_readonly>
  <buildSummary />
</deployment>