<step title="BackgroundTrace" date="2025-10-07T20:30:18.212" instance="a2a64a" url="/api/zipdeploy" method="POST" >
  <step title="Creating temporary deployment - FetchDeploymentManager" date="2025-10-07T20:30:18.261" /><!-- duration: 2ms -->
  <step title="Creating temporary deployment" date="2025-10-07T20:30:18.267" /><!-- duration: 64ms -->
  <step title="Performing fetch based deployment" date="2025-10-07T20:30:18.352" >
    <step title="Cleaning up temp folders from previous zip deployments and extracting pushed zip file /tmp/zipdeploy/1e528eaf-7b73-488b-9474-286bbf01437e.zip (0.00 MB) to /tmp/zipdeploy/extracted" date="2025-10-07T20:30:19.529" >
      <step title="ChmodRecursive Process exited with total time taken in ms: 51" date="2025-10-07T20:30:19.673" /><!-- duration: 19ms -->
    </step><!-- duration: 174ms -->
    <step title="Deployment timer started" date="2025-10-07T20:30:21.722" >
      <step title="DeploymentManager.Deploy(id:9a97a03a-ed87-4b69-8c2e-403477485ce6)" date="2025-10-07T20:30:21.729" >
        <step title="Collecting changeset information" date="2025-10-07T20:30:21.774" /><!-- duration: 89ms -->
        <step title="Updating submodules" date="2025-10-07T20:30:21.870" /><!-- duration: 1125ms -->
        <step title="Determining deployment builder" date="2025-10-07T20:30:23.280" >
          <step title="Builder is BasicBuilder" date="2025-10-07T20:30:23.343" /><!-- duration: 3ms -->
        </step><!-- duration: 71ms -->
        <step title="PreDeployment: context.CleanOutputPath False" date="2025-10-07T20:30:23.421" >
          <step title="PreDeployment: context.OutputPath /home/site/wwwroot" date="2025-10-07T20:30:23.566" >
            <step title="Building" date="2025-10-07T20:30:23.724" >
              <step title="Executing external process" date="2025-10-07T20:30:24.027" type="process" path="starter.sh" arguments="/opt/Kudu/Scripts/parallel_rsync.sh /tmp/zipdeploy/extracted /home/site/wwwroot 8 /tmp/ False True  " >
                <step title="Process dump" date="2025-10-07T20:30:28.194" exitCode="123" type="processOutput" /><!-- duration: 9ms -->
              </step><!-- duration: 4180ms -->
              <step title="Error occurred" date="2025-10-07T20:30:28.241" type="error" text="rsync: [receiver] open &quot;/home/site/wwwroot/src\mcpdemo\__pycache__\__init__.cpython-311.pyc&quot; failed: Invalid argument (22)
rsync: [receiver] open &quot;/home/site/wwwroot/src\mcpdemo\math_server.py&quot; failed: Invalid argument (22)
rsync: [receiver] open &quot;/home/site/wwwroot/src\mcpdemo\__init__.py&quot; failed: Invalid argument (22)
rsync: [receiver] open &quot;/home/site/wwwroot/src\mcpdemo\__pycache__\weather_server.cpython-311.pyc&quot; failed: Invalid argument (22)
rsync error: some files/attrs were not transferred (see previous errors) (code 23) at main.c(1333) [sender=3.2.3]
rsync error: some files/attrs were not transferred (see previous errors) (code 23) at main.c(1333) [sender=3.2.3]
rsync: [receiver] open &quot;/home/site/wwwroot/src\mcpdemo\__pycache__\__init__.cpython-311.pyc&quot; failed: Invalid argument (22)
rsync: [receiver] open &quot;/home/site/wwwroot/src\mcpdemo\math_server.py&quot; failed: Invalid argument (22)
rsync: [receiver] open &quot;/home/site/wwwroot/src\mcpdemo\__init__.py&quot; failed: Invalid argument (22)
rsync: [receiver] open &quot;/home/site/wwwroot/src\mcpdemo\__pycache__\weather_server.cpython-311.pyc&quot; failed: Invalid argument (22)
rsync error: some files/attrs were not transferred (see previous errors) (code 23) at main.c(1333) [sender=3.2.3]
rsync error: some files/attrs were not transferred (see previous errors) (code 23) at main.c(1333) [sender=3.2.3]
/opt/Kudu/Scripts/starter.sh /opt/Kudu/Scripts/parallel_rsync.sh /tmp/zipdeploy/extracted /home/site/wwwroot 8 /tmp/ False True  " stackTrace="   at Kudu.Core.Infrastructure.Executable.ExecuteInternal(ITracer tracer, Func`2 onWriteOutput, Func`2 onWriteError, CancellationToken token, Encoding encoding, String arguments, Object[] args) in /tmp/KuduLite/Kudu.Core/Infrastructure/Executable.cs:line 239
   at Kudu.Core.Infrastructure.Executable.ExecuteWithProgressWriter(ILogger logger, ITracer tracer, CancellationToken token, String arguments, Object[] args) in /tmp/KuduLite/Kudu.Core/Infrastructure/Executable.cs:line 118
   at Kudu.Core.Deployment.Generator.ExternalCommandBuilder.RunCommand(DeploymentContext context, String command, Boolean ignoreManifest, CancellationToken token, String message) in /tmp/KuduLite/Kudu.Core/Deployment/Generator/ExternalCommandBuilder.cs:line 122" /><!-- duration: 12ms -->
              <step title="Warning" date="2025-10-07T20:30:28.262" type="warning" text="Exception in parallel rsync: ExitCode: 123, Output: Run rsync from: /tmp/zipdeploy/extracted/ to: /home/site/wwwroot/ in 8 parallel threads
Delete options: clean=False, use manifest=True, directory to ignore=
Prev manifest = /opt/Kudu/Scripts/firstDeploymentManifest and next /home/site/deployments/9a97a03a-ed87-4b69-8c2e-403477485ce6/manifest
Cleaning up /tmp//filelist.txt and /tmp//splits
Creating a list of all files at /tmp//filelist.txt
No directory to exclude.
Created /tmp//filelist.txt. Total number of files to be synced = 9.
Created batches from the list of files. Processing 2 files in each thread
Running rsync for filelist /tmp//splits/split.ac from /tmp/zipdeploy/extracted/ to /home/site/wwwroot/
Running rsync for filelist /tmp//splits/split.aa from /tmp/zipdeploy/extracted/ to /home/site/wwwroot/
Running rsync for filelist /tmp//splits/split.ab from /tmp/zipdeploy/extracted/ to /home/site/wwwroot/
Running rsync for filelist /tmp//splits/split.ad from /tmp/zipdeploy/extracted/ to /home/site/wwwroot/
Running rsync for filelist /tmp//splits/split.ae from /tmp/zipdeploy/extracted/ to /home/site/wwwroot/

Number of files: 2 (reg: 2)
Number of created files: 0
Number of deleted files: 0
Number of regular files transferred: 0
Total file size: 1.21K bytes
Total transferred file size: 0 bytes
Literal data: 0 bytes
Matched data: 0 bytes
File list size: 0
File list generation time: 0.001 seconds
File list transfer time: 0.000 seconds
Total bytes sent: 139
Total bytes received: 22

sent 139 bytes  received 22 bytes  322.00 bytes/sec
total size is 1.21K  speedup is 7.49
Attempt 1: Rsync for filelist /tmp//splits/split.aa completed with exit code 0

Number of files: 2 (reg: 2)
Number of created files: 0
Number of deleted files: 0
Number of regular files transferred: 0
Total file size: 833 bytes
Total transferred file size: 0 bytes
Literal data: 0 bytes
Matched data: 0 bytes
File list size: 0
File list generation time: 0.001 seconds
File list transfer time: 0.000 seconds
Total bytes sent: 143
Total bytes received: 22

sent 143 bytes  received 22 bytes  330.00 bytes/sec
total size is 833  speedup is 5.05
Attempt 1: Rsync for filelist /tmp//splits/split.ab completed with exit code 0

Number of files: 2 (reg: 2)
Number of created files: 2 (reg: 2)
Number of deleted files: 0
Number of regular files transferred: 2
Total file size: 1.75K bytes
Total transferred file size: 1.75K bytes
Literal data: 1.75K bytes
Matched data: 0 bytes
File list size: 0
File list generation time: 0.001 seconds
File list transfer time: 0.000 seconds
Total bytes sent: 984
Total bytes received: 54

sent 984 bytes  received 54 bytes  2.08K bytes/sec
total size is 1.75K  speedup is 1.69
Attempt 1: Rsync for filelist /tmp//splits/split.ac completed with exit code 23

Number of files: 2 (reg: 2)
Number of created files: 2 (reg: 2)
Number of deleted files: 0
Number of regular files transferred: 2
Total file size: 1.56K bytes
Total transferred file size: 1.56K bytes
Literal data: 1.56K bytes
Matched data: 0 bytes
File list size: 0
File list generation time: 0.001 seconds
File list transfer time: 0.000 seconds
Total bytes sent: 1.28K
Total bytes received: 54

sent 1.28K bytes  received 54 bytes  2.67K bytes/sec
total size is 1.56K  speedup is 1.17

Number of files: 1 (reg: 1)
Number of created files: 0
Number of deleted files: 0
Number of regular files transferred: 0
Total file size: 625 bytes
Total transferred file size: 0 bytes
Literal data: 0 bytes
Matched data: 0 bytes
File list size: 0
File list generation time: 0.007 seconds
File list transfer time: 0.000 seconds
Total bytes sent: 111
Total bytes received: 19

sent 111 bytes  received 19 bytes  260.00 bytes/sec
total size is 625  speedup is 4.81
Attempt 1: Rsync for filelist /tmp//splits/split.ad completed with exit code 23
Attempt 1: Rsync for filelist /tmp//splits/split.ae completed with exit code 0

Number of files: 2 (reg: 2)
Number of created files: 2 (reg: 2)
Number of deleted files: 0
Number of regular files transferred: 2
Total file size: 1.75K bytes
Total transferred file size: 1.75K bytes
Literal data: 1.75K bytes
Matched data: 0 bytes
File list size: 0
File list generation time: 0.001 seconds
File list transfer time: 0.000 seconds
Total bytes sent: 988
Total bytes received: 54

sent 988 bytes  received 54 bytes  694.67 bytes/sec
total size is 1.75K  speedup is 1.68
Attempt 2: Rsync for filelist /tmp//splits/split.ac completed with exit code 23

Number of files: 2 (reg: 2)
Number of created files: 2 (reg: 2)
Number of deleted files: 0
Number of regular files transferred: 2
Total file size: 1.56K bytes
Total transferred file size: 1.56K bytes
Literal data: 1.56K bytes
Matched data: 0 bytes
File list size: 0
File list generation time: 0.001 seconds
File list transfer time: 0.000 seconds
Total bytes sent: 1.28K
Total bytes received: 54

sent 1.28K bytes  received 54 bytes  890.00 bytes/sec
total size is 1.56K  speedup is 1.17
Attempt 2: Rsync for filelist /tmp//splits/split.ad completed with exit code 23
An error has occurred during web site deployment.
Rsync failed in 1 seconds, Error: rsync: [receiver] open &quot;/home/site/wwwroot/src\mcpdemo\__pycache__\__init__.cpython-311.pyc&quot; failed: Invalid argument (22)
rsync: [receiver] open &quot;/home/site/wwwroot/src\mcpdemo\math_server.py&quot; failed: Invalid argument (22)
rsync: [receiver] open &quot;/home/site/wwwroot/src\mcpdemo\__init__.py&quot; failed: Invalid argument (22)
rsync: [receiver] open &quot;/home/site/wwwroot/src\mcpdemo\__pycache__\weather_server.cpython-311.pyc&quot; failed: Invalid argument (22)
rsync error: some files/attrs were not transferred (see previous errors) (code 23) at main.c(1333) [sender=3.2.3]
rsync error: some files/attrs were not transferred (see previous errors) (code 23) at main.c(1333) [sender=3.2.3]
rsync: [receiver] open &quot;/home/site/wwwroot/src\mcpdemo\__pycache__\__init__.cpython-311.pyc&quot; failed: Invalid argument (22)
rsync: [receiver] open &quot;/home/site/wwwroot/src\mcpdemo\math_server.py&quot; failed: Invalid argument (22)
rsync: [receiver] open &quot;/home/site/wwwroot/src\mcpdemo\__init__.py&quot; failed: Invalid argument (22)
rsync: [receiver] open &quot;/home/site/wwwroot/src\mcpdemo\__pycache__\weather_server.cpython-311.pyc&quot; failed: Invalid argument (22)
rsync error: some files/attrs were not transferred (see previous errors) (code 23) at main.c(1333) [sender=3.2.3]
rsync error: some files/attrs were not transferred (see previous errors) (code 23) at main.c(1333) [sender=3.2.3], Kudu.Core.Infrastructure.CommandLineException: rsync: [receiver] open &quot;/home/site/wwwroot/src\mcpdemo\__pycache__\__init__.cpython-311.pyc&quot; failed: Invalid argument (22)
rsync: [receiver] open &quot;/home/site/wwwroot/src\mcpdemo\math_server.py&quot; failed: Invalid argument (22)
rsync: [receiver] open &quot;/home/site/wwwroot/src\mcpdemo\__init__.py&quot; failed: Invalid argument (22)
rsync: [receiver] open &quot;/home/site/wwwroot/src\mcpdemo\__pycache__\weather_server.cpython-311.pyc&quot; failed: Invalid argument (22)
rsync error: some files/attrs were not transferred (see previous errors) (code 23) at main.c(1333) [sender=3.2.3]
rsync error: some files/attrs were not transferred (see previous errors) (code 23) at main.c(1333) [sender=3.2.3]
rsync: [receiver] open &quot;/home/site/wwwroot/src\mcpdemo\__pycache__\__init__.cpython-311.pyc&quot; failed: Invalid argument (22)
rsync: [receiver] open &quot;/home/site/wwwroot/src\mcpdemo\math_server.py&quot; failed: Invalid argument (22)
rsync: [receiver] open &quot;/home/site/wwwroot/src\mcpdemo\__init__.py&quot; failed: Invalid argument (22)
rsync: [receiver] open &quot;/home/site/wwwroot/src\mcpdemo\__pycache__\weather_server.cpython-311.pyc&quot; failed: Invalid argument (22)
rsync error: some files/attrs were not transferred (see previous errors) (code 23) at main.c(1333) [sender=3.2.3]
rsync error: some files/attrs were not transferred (see previous errors) (code 23) at main.c(1333) [sender=3.2.3]
/opt/Kudu/Scripts/starter.sh /opt/Kudu/Scripts/parallel_rsync.sh /tmp/zipdeploy/extracted /home/site/wwwroot 8 /tmp/ False True  
   at Kudu.Core.Infrastructure.Executable.ExecuteInternal(ITracer tracer, Func`2 onWriteOutput, Func`2 onWriteError, CancellationToken token, Encoding encoding, String arguments, Object[] args) in /tmp/KuduLite/Kudu.Core/Infrastructure/Executable.cs:line 239
   at Kudu.Core.Infrastructure.Executable.ExecuteWithProgressWriter(ILogger logger, ITracer tracer, CancellationToken token, String arguments, Object[] args) in /tmp/KuduLite/Kudu.Core/Infrastructure/Executable.cs:line 118
   at Kudu.Core.Deployment.Generator.ExternalCommandBuilder.RunCommand(DeploymentContext context, String command, Boolean ignoreManifest, CancellationToken token, String message) in /tmp/KuduLite/Kudu.Core/Deployment/Generator/ExternalCommandBuilder.cs:line 122
   at Kudu.Core.Deployment.Generator.GeneratorSiteBuilder.Build(DeploymentContext context, CancellationToken token) in /tmp/KuduLite/Kudu.Core/Deployment/Generator/GeneratorSiteBuilder.cs:line 70" /><!-- duration: 11ms -->
              <step title="Generating deployment script" date="2025-10-07T20:30:28.284" >
                <step title="Using cached version of the deployment script for command: -y --no-dot-deployment -r &quot;/tmp/zipdeploy/extracted&quot; -o &quot;/home/site/deployments/tools&quot; --basic --sitePath &quot;/tmp/zipdeploy/extracted&quot;" date="2025-10-07T20:30:28.391" /><!-- duration: 2ms -->
              </step><!-- duration: 136ms -->
              <step title="Executing external process" date="2025-10-07T20:30:28.573" type="process" path="starter.sh" arguments="&quot;/home/site/deployments/tools/deploy.sh&quot;" >
                <step title="Process dump" date="2025-10-07T20:30:29.312" exitCode="1" type="processOutput" /><!-- duration: 13ms -->
              </step><!-- duration: 761ms -->
              <step title="Error occurred" date="2025-10-07T20:30:29.361" type="error" text="
/opt/Kudu/Scripts/starter.sh &quot;/home/site/deployments/tools/deploy.sh&quot;" stackTrace="   at Kudu.Core.Infrastructure.Executable.ExecuteInternal(ITracer tracer, Func`2 onWriteOutput, Func`2 onWriteError, CancellationToken token, Encoding encoding, String arguments, Object[] args) in /tmp/KuduLite/Kudu.Core/Infrastructure/Executable.cs:line 239
   at Kudu.Core.Infrastructure.Executable.ExecuteWithProgressWriter(ILogger logger, ITracer tracer, CancellationToken token, String arguments, Object[] args) in /tmp/KuduLite/Kudu.Core/Infrastructure/Executable.cs:line 118
   at Kudu.Core.Deployment.Generator.ExternalCommandBuilder.RunCommand(DeploymentContext context, String command, Boolean ignoreManifest, CancellationToken token, String message) in /tmp/KuduLite/Kudu.Core/Deployment/Generator/ExternalCommandBuilder.cs:line 122" /><!-- duration: 22ms -->
              <step title="Error occurred" date="2025-10-07T20:30:29.387" type="error" text="
/opt/Kudu/Scripts/starter.sh &quot;/home/site/deployments/tools/deploy.sh&quot;" stackTrace="   at Kudu.Core.Infrastructure.Executable.ExecuteInternal(ITracer tracer, Func`2 onWriteOutput, Func`2 onWriteError, CancellationToken token, Encoding encoding, String arguments, Object[] args) in /tmp/KuduLite/Kudu.Core/Infrastructure/Executable.cs:line 239
   at Kudu.Core.Infrastructure.Executable.ExecuteWithProgressWriter(ILogger logger, ITracer tracer, CancellationToken token, String arguments, Object[] args) in /tmp/KuduLite/Kudu.Core/Infrastructure/Executable.cs:line 118
   at Kudu.Core.Deployment.Generator.ExternalCommandBuilder.RunCommand(DeploymentContext context, String command, Boolean ignoreManifest, CancellationToken token, String message) in /tmp/KuduLite/Kudu.Core/Deployment/Generator/ExternalCommandBuilder.cs:line 122
   at Kudu.Core.Deployment.Generator.GeneratorSiteBuilder.Build(DeploymentContext context, CancellationToken token) in /tmp/KuduLite/Kudu.Core/Deployment/Generator/GeneratorSiteBuilder.cs:line 96
--- End of stack trace from previous location ---
   at Kudu.Core.Deployment.DeploymentManager.Build(ChangeSet changeSet, ITracer tracer, IDisposable deployStep, IRepository repository, DeploymentInfoBase deploymentInfo, DeploymentAnalytics deploymentAnalytics, Boolean fullBuildByDefault, CancellationToken cancellationToken) in /tmp/KuduLite/Kudu.Core/Deployment/DeploymentManager.cs:line 771" /><!-- duration: 6ms -->
              <step title="Purge deployment items" date="2025-10-07T20:30:29.745" >
                <step title="Remove 74700609-, Failed, received at 10/07/2025 20:27:51" date="2025-10-07T20:30:29.805" /><!-- duration: 2ms -->
              </step><!-- duration: 64ms -->
            </step><!-- duration: 6095ms -->
          </step><!-- duration: 6256ms -->
          <step title="Error occurred" date="2025-10-07T20:30:29.823" type="error" text="
/opt/Kudu/Scripts/starter.sh &quot;/home/site/deployments/tools/deploy.sh&quot;" stackTrace="   at Kudu.Core.Infrastructure.Executable.ExecuteInternal(ITracer tracer, Func`2 onWriteOutput, Func`2 onWriteError, CancellationToken token, Encoding encoding, String arguments, Object[] args) in /tmp/KuduLite/Kudu.Core/Infrastructure/Executable.cs:line 239
   at Kudu.Core.Infrastructure.Executable.ExecuteWithProgressWriter(ILogger logger, ITracer tracer, CancellationToken token, String arguments, Object[] args) in /tmp/KuduLite/Kudu.Core/Infrastructure/Executable.cs:line 118
   at Kudu.Core.Deployment.Generator.ExternalCommandBuilder.RunCommand(DeploymentContext context, String command, Boolean ignoreManifest, CancellationToken token, String message) in /tmp/KuduLite/Kudu.Core/Deployment/Generator/ExternalCommandBuilder.cs:line 122
   at Kudu.Core.Deployment.Generator.GeneratorSiteBuilder.Build(DeploymentContext context, CancellationToken token) in /tmp/KuduLite/Kudu.Core/Deployment/Generator/GeneratorSiteBuilder.cs:line 96
--- End of stack trace from previous location ---
   at Kudu.Core.Deployment.DeploymentManager.Build(ChangeSet changeSet, ITracer tracer, IDisposable deployStep, IRepository repository, DeploymentInfoBase deploymentInfo, DeploymentAnalytics deploymentAnalytics, Boolean fullBuildByDefault, CancellationToken cancellationToken) in /tmp/KuduLite/Kudu.Core/Deployment/DeploymentManager.cs:line 771
   at Kudu.Core.Deployment.DeploymentManager.Build(ChangeSet changeSet, ITracer tracer, IDisposable deployStep, IRepository repository, DeploymentInfoBase deploymentInfo, DeploymentAnalytics deploymentAnalytics, Boolean fullBuildByDefault, CancellationToken cancellationToken) in /tmp/KuduLite/Kudu.Core/Deployment/DeploymentManager.cs:line 840" /><!-- duration: 5ms -->
          <step title="Cleaning up temp files" date="2025-10-07T20:30:29.888" /><!-- duration: 11ms -->
          <step title="Cleaning up temp files" date="2025-10-07T20:30:29.919" /><!-- duration: 512ms -->
          <step title="Error occurred" date="2025-10-07T20:30:30.496" type="error" text="
/opt/Kudu/Scripts/starter.sh &quot;/home/site/deployments/tools/deploy.sh&quot;" stackTrace="   at Kudu.Core.Infrastructure.Executable.ExecuteInternal(ITracer tracer, Func`2 onWriteOutput, Func`2 onWriteError, CancellationToken token, Encoding encoding, String arguments, Object[] args) in /tmp/KuduLite/Kudu.Core/Infrastructure/Executable.cs:line 239
   at Kudu.Core.Infrastructure.Executable.ExecuteWithProgressWriter(ILogger logger, ITracer tracer, CancellationToken token, String arguments, Object[] args) in /tmp/KuduLite/Kudu.Core/Infrastructure/Executable.cs:line 118
   at Kudu.Core.Deployment.Generator.ExternalCommandBuilder.RunCommand(DeploymentContext context, String command, Boolean ignoreManifest, CancellationToken token, String message) in /tmp/KuduLite/Kudu.Core/Deployment/Generator/ExternalCommandBuilder.cs:line 122
   at Kudu.Core.Deployment.Generator.GeneratorSiteBuilder.Build(DeploymentContext context, CancellationToken token) in /tmp/KuduLite/Kudu.Core/Deployment/Generator/GeneratorSiteBuilder.cs:line 96
--- End of stack trace from previous location ---
   at Kudu.Core.Deployment.DeploymentManager.Build(ChangeSet changeSet, ITracer tracer, IDisposable deployStep, IRepository repository, DeploymentInfoBase deploymentInfo, DeploymentAnalytics deploymentAnalytics, Boolean fullBuildByDefault, CancellationToken cancellationToken) in /tmp/KuduLite/Kudu.Core/Deployment/DeploymentManager.cs:line 771
   at Kudu.Core.Deployment.DeploymentManager.Build(ChangeSet changeSet, ITracer tracer, IDisposable deployStep, IRepository repository, DeploymentInfoBase deploymentInfo, DeploymentAnalytics deploymentAnalytics, Boolean fullBuildByDefault, CancellationToken cancellationToken) in /tmp/KuduLite/Kudu.Core/Deployment/DeploymentManager.cs:line 840
   at Kudu.Core.Deployment.DeploymentManager.DeployAsync(IRepository repository, ChangeSet changeSet, String deployer, Boolean clean, DeploymentInfoBase deploymentInfo, Boolean needFileUpdate, Boolean fullBuildByDefault) in /tmp/KuduLite/Kudu.Core/Deployment/DeploymentManager.cs:line 266" /><!-- duration: 3ms -->
        </step><!-- duration: 7094ms -->
        <step title="Reloading status file with latest updates" date="2025-10-07T20:30:30.602" >
          <step title="WebHooksManager.PublishEventAsync: PostDeployment" date="2025-10-07T20:30:30.606" /><!-- duration: 69ms -->
        </step><!-- duration: 76ms -->
        <step title="Error occurred" date="2025-10-07T20:30:30.680" type="error" text="
/opt/Kudu/Scripts/starter.sh &quot;/home/site/deployments/tools/deploy.sh&quot;" stackTrace="   at Kudu.Core.Infrastructure.Executable.ExecuteInternal(ITracer tracer, Func`2 onWriteOutput, Func`2 onWriteError, CancellationToken token, Encoding encoding, String arguments, Object[] args) in /tmp/KuduLite/Kudu.Core/Infrastructure/Executable.cs:line 239
   at Kudu.Core.Infrastructure.Executable.ExecuteWithProgressWriter(ILogger logger, ITracer tracer, CancellationToken token, String arguments, Object[] args) in /tmp/KuduLite/Kudu.Core/Infrastructure/Executable.cs:line 118
   at Kudu.Core.Deployment.Generator.ExternalCommandBuilder.RunCommand(DeploymentContext context, String command, Boolean ignoreManifest, CancellationToken token, String message) in /tmp/KuduLite/Kudu.Core/Deployment/Generator/ExternalCommandBuilder.cs:line 122
   at Kudu.Core.Deployment.Generator.GeneratorSiteBuilder.Build(DeploymentContext context, CancellationToken token) in /tmp/KuduLite/Kudu.Core/Deployment/Generator/GeneratorSiteBuilder.cs:line 96
--- End of stack trace from previous location ---
   at Kudu.Core.Deployment.DeploymentManager.Build(ChangeSet changeSet, ITracer tracer, IDisposable deployStep, IRepository repository, DeploymentInfoBase deploymentInfo, DeploymentAnalytics deploymentAnalytics, Boolean fullBuildByDefault, CancellationToken cancellationToken) in /tmp/KuduLite/Kudu.Core/Deployment/DeploymentManager.cs:line 771
   at Kudu.Core.Deployment.DeploymentManager.Build(ChangeSet changeSet, ITracer tracer, IDisposable deployStep, IRepository repository, DeploymentInfoBase deploymentInfo, DeploymentAnalytics deploymentAnalytics, Boolean fullBuildByDefault, CancellationToken cancellationToken) in /tmp/KuduLite/Kudu.Core/Deployment/DeploymentManager.cs:line 840
   at Kudu.Core.Deployment.DeploymentManager.DeployAsync(IRepository repository, ChangeSet changeSet, String deployer, Boolean clean, DeploymentInfoBase deploymentInfo, Boolean needFileUpdate, Boolean fullBuildByDefault) in /tmp/KuduLite/Kudu.Core/Deployment/DeploymentManager.cs:line 266" /><!-- duration: 3ms -->
        <step title="Marking deployment as failed and cleaning up the temp deployment" date="2025-10-07T20:30:30.740" /><!-- duration: 3ms -->
      </step><!-- duration: 9167ms -->
      <step title="Error occurred" date="2025-10-07T20:30:31.024" type="error" text="One or more errors occurred. (Deployment failed)" stackTrace="   at System.Threading.Tasks.Task.ThrowIfExceptional(Boolean includeTaskCanceledExceptions)
   at System.Threading.Tasks.Task.Wait(Int32 millisecondsTimeout, CancellationToken cancellationToken)
   at System.Threading.Tasks.Task.Wait()
   at Kudu.Core.Deployment.FetchDeploymentManager.&lt;&gt;c__DisplayClass22_1.&lt;PerformBackgroundDeployment&gt;b__3() in /tmp/KuduLite/Kudu.Core/Deployment/FetchDeploymentManager.cs:line 414
   at Kudu.Contracts.Infrastructure.LockExtensions.TryLockOperation(IOperationLock lockObj, Action operation, String operationName, TimeSpan timeout) in /tmp/KuduLite/Kudu.Contracts/Infrastructure/LockExtensions.cs:line 34
   at Kudu.Contracts.Infrastructure.LockExtensions.LockOperation(IOperationLock lockObj, Action operation, String operationName, TimeSpan timeout) in /tmp/KuduLite/Kudu.Contracts/Infrastructure/LockExtensions.cs:line 46
   at Kudu.Core.Deployment.FetchDeploymentManager.&lt;&gt;c__DisplayClass22_0.&lt;PerformBackgroundDeployment&gt;b__1() in /tmp/KuduLite/Kudu.Core/Deployment/FetchDeploymentManager.cs:line 393" innerText="Deployment failed" innerStackTrace="   at Kudu.Core.Deployment.DeploymentManager.DeployAsync(IRepository repository, ChangeSet changeSet, String deployer, Boolean clean, DeploymentInfoBase deploymentInfo, Boolean needFileUpdate, Boolean fullBuildByDefault) in /tmp/KuduLite/Kudu.Core/Deployment/DeploymentManager.cs:line 307
   at Kudu.Core.Deployment.FetchDeploymentManager.PerformDeployment(DeploymentInfoBase deploymentInfo, IDisposable tempDeployment, ChangeSet tempChangeSet, DeployStatusApiResult updateStatusObj) in /tmp/KuduLite/Kudu.Core/Deployment/FetchDeploymentManager.cs:line 230" /><!-- duration: 39ms -->
    </step><!-- duration: 9372ms -->
