<step title="Incoming Request" date="2025-10-07T20:27:47.535" instance="a2a64a" url="/api/zipdeploy?isAsync=true" method="POST" type="request" pid="768,1,75" Accept="*/*" Host="app-math-zee.scm.azurewebsites.net" User-Agent="AZURECLI/2.77.0 (MSI)" Accept-Encoding="gzip, deflate" Authorization="Bea..." Cache-Control="no-cache" Content-Type="application/octet-stream" Content-Length="4341" x-ms-client-request-id="12a8dcdd-a3bc-11f0-9201-289529daab1e" x-ms-artifact-checksum="a981b5e416fedb02751120da51b3d9032849eda7c0124248032573a1d96b5a28" X-ARR-LOG-ID="12a8dcdd-a3bc-11f0-9201-289529daab1e" CLIENT-IP="8.29.109.216:30449" X-SITE-DEPLOYMENT-ID="app-math-zee" WAS-DEFAULT-HOSTNAME="app-math-zee.scm.azurewebsites.net" X-Forwarded-Proto="https" X-AppService-Proto="https" X-Forwarded-TlsVersion="1.3" X-WAWS-Unencoded-URL="/api/zipdeploy?isAsync=true" X-Client-IP="8.29.109.216" X-Client-Port="30449" >
  <step title="Cleanup Xml Logs" date="2025-10-07T20:27:47.542" /><!-- duration: 7ms -->
  <step title="ZipPushDeploy" date="2025-10-07T20:27:47.687" >
    <step title="ZipDeploy. Extract zip." date="2025-10-07T20:27:47.696" /><!-- duration: 2ms -->
    <step title="Starting PushDeployAsync" date="2025-10-07T20:27:47.705" /><!-- duration: 3ms -->
    <step title="Writing artifact to /tmp/zipdeploy/f71baf36-b7e5-47ae-a8e0-6a346b8446b4.zip" date="2025-10-07T20:27:47.730" >
      <step title="Writing multipart request body to /tmp/zipdeploy/f71baf36-b7e5-47ae-a8e0-6a346b8446b4.zip" date="2025-10-07T20:27:47.739" /><!-- duration: 10ms -->
    </step><!-- duration: 232ms -->
    <step title="Start deployment in the background" date="2025-10-07T20:27:47.977" >
      <step title="Acquiring Deployment Lock" date="2025-10-07T20:27:48.001" /><!-- duration: 3ms -->
      <step title="Acquired Deployment Lock" date="2025-10-07T20:27:48.145" /><!-- duration: 2ms -->
    </step><!-- duration: 322ms -->
  </step><!-- duration: 630ms -->
  <step title="Outgoing response" date="2025-10-07T20:27:48.327" type="response" statusCode="202" statusText="Accepted" /><!-- duration: 2ms -->
</step><!-- duration: 798ms -->
