<step title="Incoming Request" date="2025-10-07T18:06:59.716" instance="a2a64a" url="/api/zipdeploy?isAsync=true" method="POST" type="request" pid="768,1,7" Accept="*/*" Host="app-math-zee.scm.azurewebsites.net" User-Agent="AZURECLI/2.77.0 (MSI)" Accept-Encoding="gzip, deflate" Authorization="Bea..." Cache-Control="no-cache" Content-Type="application/octet-stream" Content-Length="3008" x-ms-client-request-id="097bf042-a3a8-11f0-a1e2-289529daab1e" x-ms-artifact-checksum="748e8166a6f1c8797cfabb4f8b6251a28dcc938df0f4d6fed23213c3f9eb6e2f" X-ARR-LOG-ID="097bf042-a3a8-11f0-a1e2-289529daab1e" CLIENT-IP="8.29.109.216:26251" X-SITE-DEPLOYMENT-ID="app-math-zee" WAS-DEFAULT-HOSTNAME="app-math-zee.scm.azurewebsites.net" X-Forwarded-Proto="https" X-AppService-Proto="https" X-Forwarded-TlsVersion="1.3" X-WAWS-Unencoded-URL="/api/zipdeploy?isAsync=true" X-Client-IP="8.29.109.216" X-Client-Port="26251" >
  <step title="ZipPushDeploy" date="2025-10-07T18:07:01.044" >
    <step title="ZipDeploy. Extract zip." date="2025-10-07T18:07:01.124" /><!-- duration: 3ms -->
    <step title="None repository commit" date="2025-10-07T18:07:01.175" >
      <step title="Commit id: 2b60531a-86cb-44ae-aba2-0ee1f81111c2" date="2025-10-07T18:07:01.212" Message="N/A" AuthorName="N/A" AuthorEmail="N/A" /><!-- duration: 40ms -->
    </step><!-- duration: 98ms -->
    <step title="Starting PushDeployAsync" date="2025-10-07T18:07:01.331" /><!-- duration: 22ms -->
    <step title="Writing artifact to /tmp/zipdeploy/37ec4d8b-43ee-4b21-b29e-5dcd67e5222a.zip" date="2025-10-07T18:07:01.467" >
      <step title="Writing multipart request body to /tmp/zipdeploy/37ec4d8b-43ee-4b21-b29e-5dcd67e5222a.zip" date="2025-10-07T18:07:01.488" /><!-- duration: 28ms -->
    </step><!-- duration: 128ms -->
    <step title="Start deployment in the background" date="2025-10-07T18:07:01.657" >
      <step title="Acquiring Deployment Lock" date="2025-10-07T18:07:01.793" /><!-- duration: 96ms -->
      <step title="Acquired Deployment Lock" date="2025-10-07T18:07:02.268" /><!-- duration: 20ms -->
    </step><!-- duration: 1142ms -->
  </step><!-- duration: 1837ms -->
  <step title="Outgoing response" date="2025-10-07T18:07:03.031" type="response" statusCode="202" statusText="Accepted" /><!-- duration: 20ms -->
</step><!-- duration: 3344ms -->
