<step title="BackgroundTrace" date="2025-10-07T18:07:01.700" instance="a2a64a" url="/api/zipdeploy" method="POST" >
  <step title="Creating temporary deployment - FetchDeploymentManager" date="2025-10-07T18:07:02.308" /><!-- duration: 40ms -->
  <step title="Creating temporary deployment" date="2025-10-07T18:07:02.421" /><!-- duration: 346ms -->
  <step title="Performing fetch based deployment" date="2025-10-07T18:07:03.127" >
    <step title="Cleaning up temp folders from previous zip deployments and extracting pushed zip file /tmp/zipdeploy/37ec4d8b-43ee-4b21-b29e-5dcd67e5222a.zip (0.00 MB) to /tmp/zipdeploy/extracted" date="2025-10-07T18:07:05.213" >
      <step title="ChmodRecursive Process exited with total time taken in ms: 174" date="2025-10-07T18:07:05.636" /><!-- duration: 11ms -->
    </step><!-- duration: 453ms -->
    <step title="Deployment timer started" date="2025-10-07T18:07:07.778" >
      <step title="DeploymentManager.Deploy(id:2b60531a-86cb-44ae-aba2-0ee1f81111c2)" date="2025-10-07T18:07:07.806" >
        <step title="Collecting changeset information" date="2025-10-07T18:07:07.857" /><!-- duration: 199ms -->
        <step title="Updating submodules" date="2025-10-07T18:07:08.076" /><!-- duration: 1223ms -->
        <step title="Determining deployment builder" date="2025-10-07T18:07:09.622" >
          <step title="Builder is BasicBuilder" date="2025-10-07T18:07:09.627" /><!-- duration: 2ms -->
        </step><!-- duration: 10ms -->
        <step title="PreDeployment: context.CleanOutputPath False" date="2025-10-07T18:07:09.674" >
          <step title="PreDeployment: context.OutputPath /home/site/wwwroot" date="2025-10-07T18:07:09.786" >
            <step title="Building" date="2025-10-07T18:07:09.967" >
              <step title="Executing external process" date="2025-10-07T18:07:10.308" type="process" path="starter.sh" arguments="/opt/Kudu/Scripts/parallel_rsync.sh /tmp/zipdeploy/extracted /home/site/wwwroot 8 /tmp/ False True  " >
                <step title="Process dump" date="2025-10-07T18:07:20.024" exitCode="123" type="processOutput" /><!-- duration: 18ms -->
              </step><!-- duration: 9744ms -->
              <step title="Error occurred" date="2025-10-07T18:07:20.182" type="error" text="rsync: [receiver] open &quot;/home/site/wwwroot/src\mcpdemo\math_server.py&quot; failed: Invalid argument (22)
rsync: [receiver] open &quot;/home/site/wwwroot/src\mcpdemo\__pycache__\__init__.cpython-311.pyc&quot; failed: Invalid argument (22)
rsync error: some files/attrs were not transferred (see previous errors) (code 23) at main.c(1333) [sender=3.2.3]
rsync error: some files/attrs were not transferred (see previous errors) (code 23) at main.c(1333) [sender=3.2.3]
rsync: [receiver] open &quot;/home/site/wwwroot/src\mcpdemo\__init__.py&quot; failed: Invalid argument (22)
rsync: [receiver] open &quot;/home/site/wwwroot/src\mcpdemo\__pycache__\weather_server.cpython-311.pyc&quot; failed: Invalid argument (22)
rsync: [receiver] open &quot;/home/site/wwwroot/src\mcpdemo\math_server.py&quot; failed: Invalid argument (22)
rsync: [receiver] open &quot;/home/site/wwwroot/src\mcpdemo\__pycache__\__init__.cpython-311.pyc&quot; failed: Invalid argument (22)
rsync error: some files/attrs were not transferred (see previous errors) (code 23) at main.c(1333) [sender=3.2.3]
rsync error: some files/attrs were not transferred (see previous errors) (code 23) at main.c(1333) [sender=3.2.3]
rsync error: some files/attrs were not transferred (see previous errors) (code 23) at main.c(1333) [sender=3.2.3]
rsync error: some files/attrs were not transferred (see previous errors) (code 23) at main.c(1333) [sender=3.2.3]
rsync: [receiver] open &quot;/home/site/wwwroot/src\mcpdemo\__init__.py&quot; failed: Invalid argument (22)
rsync: [receiver] open &quot;/home/site/wwwroot/src\mcpdemo\__pycache__\weather_server.cpython-311.pyc&quot; failed: Invalid argument (22)
rsync error: some files/attrs were not transferred (see previous errors) (code 23) at main.c(1333) [sender=3.2.3]
rsync error: some files/attrs were not transferred (see previous errors) (code 23) at main.c(1333) [sender=3.2.3]
/opt/Kudu/Scripts/starter.sh /opt/Kudu/Scripts/parallel_rsync.sh /tmp/zipdeploy/extracted /home/site/wwwroot 8 /tmp/ False True  " stackTrace="   at Kudu.Core.Infrastructure.Executable.ExecuteInternal(ITracer tracer, Func`2 onWriteOutput, Func`2 onWriteError, CancellationToken token, Encoding encoding, String arguments, Object[] args) in /tmp/KuduLite/Kudu.Core/Infrastructure/Executable.cs:line 239
   at Kudu.Core.Infrastructure.Executable.ExecuteWithProgressWriter(ILogger logger, ITracer tracer, CancellationToken token, String arguments, Object[] args) in /tmp/KuduLite/Kudu.Core/Infrastructure/Executable.cs:line 118
   at Kudu.Core.Deployment.Generator.ExternalCommandBuilder.RunCommand(DeploymentContext context, String command, Boolean ignoreManifest, CancellationToken token, String message) in /tmp/KuduLite/Kudu.Core/Deployment/Generator/ExternalCommandBuilder.cs:line 122" /><!-- duration: 16ms -->
              <step title="Warning" date="2025-10-07T18:07:20.248" type="warning" text="Exception in parallel rsync: ExitCode: 123, Output: Run rsync from: /tmp/zipdeploy/extracted/ to: /home/site/wwwroot/ in 8 parallel threads
Delete options: clean=False, use manifest=True, directory to ignore=
Prev manifest = /opt/Kudu/Scripts/firstDeploymentManifest and next /home/site/deployments/2b60531a-86cb-44ae-aba2-0ee1f81111c2/manifest
Cleaning up /tmp//filelist.txt and /tmp//splits
Creating a list of all files at /tmp//filelist.txt
No directory to exclude.
Created /tmp//filelist.txt. Total number of files to be synced = 6.
Created batches from the list of files. Processing 1 files in each thread
Running rsync for filelist /tmp//splits/split.aa from /tmp/zipdeploy/extracted/ to /home/site/wwwroot/
Running rsync for filelist /tmp//splits/split.ac from /tmp/zipdeploy/extracted/ to /home/site/wwwroot/
Running rsync for filelist /tmp//splits/split.ab from /tmp/zipdeploy/extracted/ to /home/site/wwwroot/
Running rsync for filelist /tmp//splits/split.ad from /tmp/zipdeploy/extracted/ to /home/site/wwwroot/
Running rsync for filelist /tmp//splits/split.ae from /tmp/zipdeploy/extracted/ to /home/site/wwwroot/
Running rsync for filelist /tmp//splits/split.af from /tmp/zipdeploy/extracted/ to /home/site/wwwroot/

Number of files: 1 (reg: 1)
Number of created files: 1 (reg: 1)
Number of deleted files: 0
Number of regular files transferred: 1
Total file size: 62 bytes
Total transferred file size: 62 bytes
Literal data: 62 bytes
Matched data: 0 bytes
File list size: 0
File list generation time: 0.001 seconds
File list transfer time: 0.000 seconds
Total bytes sent: 223
Total bytes received: 35

sent 223 bytes  received 35 bytes  516.00 bytes/sec
total size is 62  speedup is 0.24
Attempt 1: Rsync for filelist /tmp//splits/split.aa completed with exit code 0

Number of files: 1 (reg: 1)
Number of created files: 1 (reg: 1)
Number of deleted files: 0
Number of regular files transferred: 1
Total file size: 1.41K bytes
Total transferred file size: 1.41K bytes
Literal data: 1.41K bytes
Matched data: 0 bytes
File list size: 0
File list generation time: 0.001 seconds
File list transfer time: 0.000 seconds
Total bytes sent: 610
Total bytes received: 35

sent 610 bytes  received 35 bytes  1.29K bytes/sec
total size is 1.41K  speedup is 2.18
Attempt 1: Rsync for filelist /tmp//splits/split.ab completed with exit code 23

Number of files: 1 (reg: 1)
Number of created files: 1 (reg: 1)
Number of deleted files: 0
Number of regular files transferred: 1
Total file size: 344 bytes
Total transferred file size: 344 bytes
Literal data: 344 bytes
Matched data: 0 bytes
File list size: 0
File list generation time: 0.001 seconds
File list transfer time: 0.000 seconds
Total bytes sent: 479
Total bytes received: 35

sent 479 bytes  received 35 bytes  1.03K bytes/sec
total size is 344  speedup is 0.67
Attempt 1: Rsync for filelist /tmp//splits/split.ac completed with exit code 23

Number of files: 1 (reg: 1)
Number of created files: 1 (reg: 1)
Number of deleted files: 0
Number of regular files transferred: 1
Total file size: 1.38K bytes
Total transferred file size: 1.38K bytes
Literal data: 1.38K bytes
Matched data: 0 bytes
File list size: 0
File list generation time: 0.001 seconds
File list transfer time: 0.000 seconds
Total bytes sent: 1.10K
Total bytes received: 35

sent 1.10K bytes  received 35 bytes  2.27K bytes/sec
total size is 1.38K  speedup is 1.22

Number of files: 1 (reg: 1)
Number of created files: 1 (reg: 1)
Number of deleted files: 0
Number of regular files transferred: 1
Total file size: 175 bytes
Total transferred file size: 175 bytes
Literal data: 175 bytes
Matched data: 0 bytes
File list size: 0
File list generation time: 0.001 seconds
File list transfer time: 0.000 seconds
Total bytes sent: 297
Total bytes received: 35

sent 297 bytes  received 35 bytes  664.00 bytes/sec
total size is 175  speedup is 0.53
Attempt 1: Rsync for filelist /tmp//splits/split.ae completed with exit code 23
Attempt 1: Rsync for filelist /tmp//splits/split.ad completed with exit code 23

Number of files: 1 (reg: 1)
Number of created files: 1 (reg: 1)
Number of deleted files: 0
Number of regular files transferred: 1
Total file size: 1.41K bytes
Total transferred file size: 1.41K bytes
Literal data: 1.41K bytes
Matched data: 0 bytes
File list size: 0
File list generation time: 0.001 seconds
File list transfer time: 0.000 seconds
Total bytes sent: 610
Total bytes received: 35

sent 610 bytes  received 35 bytes  1.29K bytes/sec
total size is 1.41K  speedup is 2.18
Attempt 2: Rsync for filelist /tmp//splits/split.ab completed with exit code 23

Number of files: 1 (reg: 1)
Number of created files: 1 (reg: 1)
Number of deleted files: 0
Number of regular files transferred: 1
Total file size: 344 bytes
Total transferred file size: 344 bytes
Literal data: 344 bytes
Matched data: 0 bytes
File list size: 0
File list generation time: 0.017 seconds
File list transfer time: 0.000 seconds
Total bytes sent: 479
Total bytes received: 35

sent 479 bytes  received 35 bytes  1.03K bytes/sec
total size is 344  speedup is 0.67
Attempt 2: Rsync for filelist /tmp//splits/split.ac completed with exit code 23

Number of files: 1 (reg: 1)
Number of created files: 1 (reg: 1)
Number of deleted files: 0
Number of regular files transferred: 1
Total file size: 625 bytes
Total transferred file size: 625 bytes
Literal data: 625 bytes
Matched data: 0 bytes
File list size: 0
File list generation time: 0.045 seconds
File list transfer time: 0.000 seconds
Total bytes sent: 495
Total bytes received: 35

sent 495 bytes  received 35 bytes  1.06K bytes/sec
total size is 625  speedup is 1.18
Attempt 1: Rsync for filelist /tmp//splits/split.af completed with exit code 0

Number of files: 1 (reg: 1)
Number of created files: 1 (reg: 1)
Number of deleted files: 0
Number of regular files transferred: 1
Total file size: 175 bytes
Total transferred file size: 175 bytes
Literal data: 175 bytes
Matched data: 0 bytes
File list size: 0
File list generation time: 0.001 seconds
File list transfer time: 0.000 seconds
Total bytes sent: 297
Total bytes received: 35

sent 297 bytes  received 35 bytes  664.00 bytes/sec
total size is 175  speedup is 0.53
Attempt 2: Rsync for filelist /tmp//splits/split.ae completed with exit code 23

Number of files: 1 (reg: 1)
Number of created files: 1 (reg: 1)
Number of deleted files: 0
Number of regular files transferred: 1
Total file size: 1.38K bytes
Total transferred file size: 1.38K bytes
Literal data: 1.38K bytes
Matched data: 0 bytes
File list size: 0
File list generation time: 0.001 seconds
File list transfer time: 0.000 seconds
Total bytes sent: 1.09K
Total bytes received: 35

sent 1.09K bytes  received 35 bytes  752.67 bytes/sec
total size is 1.38K  speedup is 1.23
Attempt 2: Rsync for filelist /tmp//splits/split.ad completed with exit code 23
An error has occurred during web site deployment.
Rsync failed in 2 seconds, Error: rsync: [receiver] open &quot;/home/site/wwwroot/src\mcpdemo\math_server.py&quot; failed: Invalid argument (22)
rsync: [receiver] open &quot;/home/site/wwwroot/src\mcpdemo\__pycache__\__init__.cpython-311.pyc&quot; failed: Invalid argument (22)
rsync error: some files/attrs were not transferred (see previous errors) (code 23) at main.c(1333) [sender=3.2.3]
rsync error: some files/attrs were not transferred (see previous errors) (code 23) at main.c(1333) [sender=3.2.3]
rsync: [receiver] open &quot;/home/site/wwwroot/src\mcpdemo\__init__.py&quot; failed: Invalid argument (22)
rsync: [receiver] open &quot;/home/site/wwwroot/src\mcpdemo\__pycache__\weather_server.cpython-311.pyc&quot; failed: Invalid argument (22)
rsync: [receiver] open &quot;/home/site/wwwroot/src\mcpdemo\math_server.py&quot; failed: Invalid argument (22)
rsync: [receiver] open &quot;/home/site/wwwroot/src\mcpdemo\__pycache__\__init__.cpython-311.pyc&quot; failed: Invalid argument (22)
rsync error: some files/attrs were not transferred (see previous errors) (code 23) at main.c(1333) [sender=3.2.3]
rsync error: some files/attrs were not transferred (see previous errors) (code 23) at main.c(1333) [sender=3.2.3]
rsync error: some files/attrs were not transferred (see previous errors) (code 23) at main.c(1333) [sender=3.2.3]
rsync error: some files/attrs were not transferred (see previous errors) (code 23) at main.c(1333) [sender=3.2.3]
rsync: [receiver] open &quot;/home/site/wwwroot/src\mcpdemo\__init__.py&quot; failed: Invalid argument (22)
rsync: [receiver] open &quot;/home/site/wwwroot/src\mcpdemo\__pycache__\weather_server.cpython-311.pyc&quot; failed: Invalid argument (22)
rsync error: some files/attrs were not transferred (see previous errors) (code 23) at main.c(1333) [sender=3.2.3]
rsync error: some files/attrs were not transferred (see previous errors) (code 23) at main.c(1333) [sender=3.2.3], Kudu.Core.Infrastructure.CommandLineException: rsync: [receiver] open &quot;/home/site/wwwroot/src\mcpdemo\math_server.py&quot; failed: Invalid argument (22)
rsync: [receiver] open &quot;/home/site/wwwroot/src\mcpdemo\__pycache__\__init__.cpython-311.pyc&quot; failed: Invalid argument (22)
rsync error: some files/attrs were not transferred (see previous errors) (code 23) at main.c(1333) [sender=3.2.3]
rsync error: some files/attrs were not transferred (see previous errors) (code 23) at main.c(1333) [sender=3.2.3]
rsync: [receiver] open &quot;/home/site/wwwroot/src\mcpdemo\__init__.py&quot; failed: Invalid argument (22)
rsync: [receiver] open &quot;/home/site/wwwroot/src\mcpdemo\__pycache__\weather_server.cpython-311.pyc&quot; failed: Invalid argument (22)
rsync: [receiver] open &quot;/home/site/wwwroot/src\mcpdemo\math_server.py&quot; failed: Invalid argument (22)
rsync: [receiver] open &quot;/home/site/wwwroot/src\mcpdemo\__pycache__\__init__.cpython-311.pyc&quot; failed: Invalid argument (22)
rsync error: some files/attrs were not transferred (see previous errors) (code 23) at main.c(1333) [sender=3.2.3]
rsync error: some files/attrs were not transferred (see previous errors) (code 23) at main.c(1333) [sender=3.2.3]
rsync error: some files/attrs were not transferred (see previous errors) (code 23) at main.c(1333) [sender=3.2.3]
rsync error: some files/attrs were not transferred (see previous errors) (code 23) at main.c(1333) [sender=3.2.3]
rsync: [receiver] open &quot;/home/site/wwwroot/src\mcpdemo\__init__.py&quot; failed: Invalid argument (22)
rsync: [receiver] open &quot;/home/site/wwwroot/src\mcpdemo\__pycache__\weather_server.cpython-311.pyc&quot; failed: Invalid argument (22)
rsync error: some files/attrs were not transferred (see previous errors) (code 23) at main.c(1333) [sender=3.2.3]
rsync error: some files/attrs were not transferred (see previous errors) (code 23) at main.c(1333) [sender=3.2.3]
/opt/Kudu/Scripts/starter.sh /opt/Kudu/Scripts/parallel_rsync.sh /tmp/zipdeploy/extracted /home/site/wwwroot 8 /tmp/ False True  
   at Kudu.Core.Infrastructure.Executable.ExecuteInternal(ITracer tracer, Func`2 onWriteOutput, Func`2 onWriteError, CancellationToken token, Encoding encoding, String arguments, Object[] args) in /tmp/KuduLite/Kudu.Core/Infrastructure/Executable.cs:line 239
   at Kudu.Core.Infrastructure.Executable.ExecuteWithProgressWriter(ILogger logger, ITracer tracer, CancellationToken token, String arguments, Object[] args) in /tmp/KuduLite/Kudu.Core/Infrastructure/Executable.cs:line 118
   at Kudu.Core.Deployment.Generator.ExternalCommandBuilder.RunCommand(DeploymentContext context, String command, Boolean ignoreManifest, CancellationToken token, String message) in /tmp/KuduLite/Kudu.Core/Deployment/Generator/ExternalCommandBuilder.cs:line 122
   at Kudu.Core.Deployment.Generator.GeneratorSiteBuilder.Build(DeploymentContext context, CancellationToken token) in /tmp/KuduLite/Kudu.Core/Deployment/Generator/GeneratorSiteBuilder.cs:line 70" /><!-- duration: 29ms -->
              <step title="Generating deployment script" date="2025-10-07T18:07:20.298" >
                <step title="Executing external process" date="2025-10-07T18:07:20.469" type="process" path="starter.sh" arguments="&quot;/opt/Kudu/node_modules/.bin/kuduscript&quot; -y --no-dot-deployment -r &quot;/tmp/zipdeploy/extracted&quot; -o &quot;/home/site/deployments/tools&quot; --basic --sitePath &quot;/tmp/zipdeploy/extracted&quot;" /><!-- duration: 938ms -->
                <step title="Saved cached version of the deployment script for command -y --no-dot-deployment -r &quot;/tmp/zipdeploy/extracted&quot; -o &quot;/home/site/deployments/tools&quot; --basic --sitePath &quot;/tmp/zipdeploy/extracted&quot;" date="2025-10-07T18:07:21.548" /><!-- duration: 11ms -->
              </step><!-- duration: 1287ms -->
              <step title="Executing external process" date="2025-10-07T18:07:21.876" type="process" path="starter.sh" arguments="&quot;/home/site/deployments/tools/deploy.sh&quot;" >
                <step title="Process dump" date="2025-10-07T18:07:23.287" exitCode="1" type="processOutput" /><!-- duration: 42ms -->
              </step><!-- duration: 1601ms -->
              <step title="Error occurred" date="2025-10-07T18:07:23.703" type="error" text="
/opt/Kudu/Scripts/starter.sh &quot;/home/site/deployments/tools/deploy.sh&quot;" stackTrace="   at Kudu.Core.Infrastructure.Executable.ExecuteInternal(ITracer tracer, Func`2 onWriteOutput, Func`2 onWriteError, CancellationToken token, Encoding encoding, String arguments, Object[] args) in /tmp/KuduLite/Kudu.Core/Infrastructure/Executable.cs:line 239
   at Kudu.Core.Infrastructure.Executable.ExecuteWithProgressWriter(ILogger logger, ITracer tracer, CancellationToken token, String arguments, Object[] args) in /tmp/KuduLite/Kudu.Core/Infrastructure/Executable.cs:line 118
   at Kudu.Core.Deployment.Generator.ExternalCommandBuilder.RunCommand(DeploymentContext context, String command, Boolean ignoreManifest, CancellationToken token, String message) in /tmp/KuduLite/Kudu.Core/Deployment/Generator/ExternalCommandBuilder.cs:line 122" /><!-- duration: 41ms -->
              <step title="Error occurred" date="2025-10-07T18:07:23.794" type="error" text="
/opt/Kudu/Scripts/starter.sh &quot;/home/site/deployments/tools/deploy.sh&quot;" stackTrace="   at Kudu.Core.Infrastructure.Executable.ExecuteInternal(ITracer tracer, Func`2 onWriteOutput, Func`2 onWriteError, CancellationToken token, Encoding encoding, String arguments, Object[] args) in /tmp/KuduLite/Kudu.Core/Infrastructure/Executable.cs:line 239
   at Kudu.Core.Infrastructure.Executable.ExecuteWithProgressWriter(ILogger logger, ITracer tracer, CancellationToken token, String arguments, Object[] args) in /tmp/KuduLite/Kudu.Core/Infrastructure/Executable.cs:line 118
   at Kudu.Core.Deployment.Generator.ExternalCommandBuilder.RunCommand(DeploymentContext context, String command, Boolean ignoreManifest, CancellationToken token, String message) in /tmp/KuduLite/Kudu.Core/Deployment/Generator/ExternalCommandBuilder.cs:line 122
   at Kudu.Core.Deployment.Generator.GeneratorSiteBuilder.Build(DeploymentContext context, CancellationToken token) in /tmp/KuduLite/Kudu.Core/Deployment/Generator/GeneratorSiteBuilder.cs:line 96
--- End of stack trace from previous location ---
   at Kudu.Core.Deployment.DeploymentManager.Build(ChangeSet changeSet, ITracer tracer, IDisposable deployStep, IRepository repository, DeploymentInfoBase deploymentInfo, DeploymentAnalytics deploymentAnalytics, Boolean fullBuildByDefault, CancellationToken cancellationToken) in /tmp/KuduLite/Kudu.Core/Deployment/DeploymentManager.cs:line 771" /><!-- duration: 10ms -->
            </step><!-- duration: 14263ms -->
          </step><!-- duration: 14474ms -->
          <step title="Error occurred" date="2025-10-07T18:07:24.289" type="error" text="
/opt/Kudu/Scripts/starter.sh &quot;/home/site/deployments/tools/deploy.sh&quot;" stackTrace="   at Kudu.Core.Infrastructure.Executable.ExecuteInternal(ITracer tracer, Func`2 onWriteOutput, Func`2 onWriteError, CancellationToken token, Encoding encoding, String arguments, Object[] args) in /tmp/KuduLite/Kudu.Core/Infrastructure/Executable.cs:line 239
   at Kudu.Core.Infrastructure.Executable.ExecuteWithProgressWriter(ILogger logger, ITracer tracer, CancellationToken token, String arguments, Object[] args) in /tmp/KuduLite/Kudu.Core/Infrastructure/Executable.cs:line 118
   at Kudu.Core.Deployment.Generator.ExternalCommandBuilder.RunCommand(DeploymentContext context, String command, Boolean ignoreManifest, CancellationToken token, String message) in /tmp/KuduLite/Kudu.Core/Deployment/Generator/ExternalCommandBuilder.cs:line 122
   at Kudu.Core.Deployment.Generator.GeneratorSiteBuilder.Build(DeploymentContext context, CancellationToken token) in /tmp/KuduLite/Kudu.Core/Deployment/Generator/GeneratorSiteBuilder.cs:line 96
--- End of stack trace from previous location ---
   at Kudu.Core.Deployment.DeploymentManager.Build(ChangeSet changeSet, ITracer tracer, IDisposable deployStep, IRepository repository, DeploymentInfoBase deploymentInfo, DeploymentAnalytics deploymentAnalytics, Boolean fullBuildByDefault, CancellationToken cancellationToken) in /tmp/KuduLite/Kudu.Core/Deployment/DeploymentManager.cs:line 771
   at Kudu.Core.Deployment.DeploymentManager.Build(ChangeSet changeSet, ITracer tracer, IDisposable deployStep, IRepository repository, DeploymentInfoBase deploymentInfo, DeploymentAnalytics deploymentAnalytics, Boolean fullBuildByDefault, CancellationToken cancellationToken) in /tmp/KuduLite/Kudu.Core/Deployment/DeploymentManager.cs:line 840" /><!-- duration: 13ms -->
          <step title="Cleaning up temp files" date="2025-10-07T18:07:24.424" /><!-- duration: 29ms -->
          <step title="Cleaning up temp files" date="2025-10-07T18:07:24.483" /><!-- duration: 576ms -->
          <step title="Error occurred" date="2025-10-07T18:07:25.138" type="error" text="
/opt/Kudu/Scripts/starter.sh &quot;/home/site/deployments/tools/deploy.sh&quot;" stackTrace="   at Kudu.Core.Infrastructure.Executable.ExecuteInternal(ITracer tracer, Func`2 onWriteOutput, Func`2 onWriteError, CancellationToken token, Encoding encoding, String arguments, Object[] args) in /tmp/KuduLite/Kudu.Core/Infrastructure/Executable.cs:line 239
   at Kudu.Core.Infrastructure.Executable.ExecuteWithProgressWriter(ILogger logger, ITracer tracer, CancellationToken token, String arguments, Object[] args) in /tmp/KuduLite/Kudu.Core/Infrastructure/Executable.cs:line 118
   at Kudu.Core.Deployment.Generator.ExternalCommandBuilder.RunCommand(DeploymentContext context, String command, Boolean ignoreManifest, CancellationToken token, String message) in /tmp/KuduLite/Kudu.Core/Deployment/Generator/ExternalCommandBuilder.cs:line 122
   at Kudu.Core.Deployment.Generator.GeneratorSiteBuilder.Build(DeploymentContext context, CancellationToken token) in /tmp/KuduLite/Kudu.Core/Deployment/Generator/GeneratorSiteBuilder.cs:line 96
--- End of stack trace from previous location ---
   at Kudu.Core.Deployment.DeploymentManager.Build(ChangeSet changeSet, ITracer tracer, IDisposable deployStep, IRepository repository, DeploymentInfoBase deploymentInfo, DeploymentAnalytics deploymentAnalytics, Boolean fullBuildByDefault, CancellationToken cancellationToken) in /tmp/KuduLite/Kudu.Core/Deployment/DeploymentManager.cs:line 771
   at Kudu.Core.Deployment.DeploymentManager.Build(ChangeSet changeSet, ITracer tracer, IDisposable deployStep, IRepository repository, DeploymentInfoBase deploymentInfo, DeploymentAnalytics deploymentAnalytics, Boolean fullBuildByDefault, CancellationToken cancellationToken) in /tmp/KuduLite/Kudu.Core/Deployment/DeploymentManager.cs:line 840
   at Kudu.Core.Deployment.DeploymentManager.DeployAsync(IRepository repository, ChangeSet changeSet, String deployer, Boolean clean, DeploymentInfoBase deploymentInfo, Boolean needFileUpdate, Boolean fullBuildByDefault) in /tmp/KuduLite/Kudu.Core/Deployment/DeploymentManager.cs:line 266" /><!-- duration: 21ms -->
        </step><!-- duration: 15503ms -->
        <step title="Reloading status file with latest updates" date="2025-10-07T18:07:25.279" >
          <step title="WebHooksManager.PublishEventAsync: PostDeployment" date="2025-10-07T18:07:25.324" /><!-- duration: 513ms -->
        </step><!-- duration: 567ms -->
        <step title="Error occurred" date="2025-10-07T18:07:25.856" type="error" text="
/opt/Kudu/Scripts/starter.sh &quot;/home/site/deployments/tools/deploy.sh&quot;" stackTrace="   at Kudu.Core.Infrastructure.Executable.ExecuteInternal(ITracer tracer, Func`2 onWriteOutput, Func`2 onWriteError, CancellationToken token, Encoding encoding, String arguments, Object[] args) in /tmp/KuduLite/Kudu.Core/Infrastructure/Executable.cs:line 239
   at Kudu.Core.Infrastructure.Executable.ExecuteWithProgressWriter(ILogger logger, ITracer tracer, CancellationToken token, String arguments, Object[] args) in /tmp/KuduLite/Kudu.Core/Infrastructure/Executable.cs:line 118
   at Kudu.Core.Deployment.Generator.ExternalCommandBuilder.RunCommand(DeploymentContext context, String command, Boolean ignoreManifest, CancellationToken token, String message) in /tmp/KuduLite/Kudu.Core/Deployment/Generator/ExternalCommandBuilder.cs:line 122
   at Kudu.Core.Deployment.Generator.GeneratorSiteBuilder.Build(DeploymentContext context, CancellationToken token) in /tmp/KuduLite/Kudu.Core/Deployment/Generator/GeneratorSiteBuilder.cs:line 96
--- End of stack trace from previous location ---
   at Kudu.Core.Deployment.DeploymentManager.Build(ChangeSet changeSet, ITracer tracer, IDisposable deployStep, IRepository repository, DeploymentInfoBase deploymentInfo, DeploymentAnalytics deploymentAnalytics, Boolean fullBuildByDefault, CancellationToken cancellationToken) in /tmp/KuduLite/Kudu.Core/Deployment/DeploymentManager.cs:line 771
   at Kudu.Core.Deployment.DeploymentManager.Build(ChangeSet changeSet, ITracer tracer, IDisposable deployStep, IRepository repository, DeploymentInfoBase deploymentInfo, DeploymentAnalytics deploymentAnalytics, Boolean fullBuildByDefault, CancellationToken cancellationToken) in /tmp/KuduLite/Kudu.Core/Deployment/DeploymentManager.cs:line 840
   at Kudu.Core.Deployment.DeploymentManager.DeployAsync(IRepository repository, ChangeSet changeSet, String deployer, Boolean clean, DeploymentInfoBase deploymentInfo, Boolean needFileUpdate, Boolean fullBuildByDefault) in /tmp/KuduLite/Kudu.Core/Deployment/DeploymentManager.cs:line 266" /><!-- duration: 40ms -->
        <step title="Marking deployment as failed and cleaning up the temp deployment" date="2025-10-07T18:07:26.142" /><!-- duration: 11ms -->
      </step><!-- duration: 18626ms -->
      <step title="Error occurred" date="2025-10-07T18:07:26.514" type="error" text="One or more errors occurred. (Deployment failed)" stackTrace="   at System.Threading.Tasks.Task.ThrowIfExceptional(Boolean includeTaskCanceledExceptions)
   at System.Threading.Tasks.Task.Wait(Int32 millisecondsTimeout, CancellationToken cancellationToken)
   at System.Threading.Tasks.Task.Wait()
   at Kudu.Core.Deployment.FetchDeploymentManager.&lt;&gt;c__DisplayClass22_1.&lt;PerformBackgroundDeployment&gt;b__3() in /tmp/KuduLite/Kudu.Core/Deployment/FetchDeploymentManager.cs:line 414
   at Kudu.Contracts.Infrastructure.LockExtensions.TryLockOperation(IOperationLock lockObj, Action operation, String operationName, TimeSpan timeout) in /tmp/KuduLite/Kudu.Contracts/Infrastructure/LockExtensions.cs:line 34
   at Kudu.Contracts.Infrastructure.LockExtensions.LockOperation(IOperationLock lockObj, Action operation, String operationName, TimeSpan timeout) in /tmp/KuduLite/Kudu.Contracts/Infrastructure/LockExtensions.cs:line 46
   at Kudu.Core.Deployment.FetchDeploymentManager.&lt;&gt;c__DisplayClass22_0.&lt;PerformBackgroundDeployment&gt;b__1() in /tmp/KuduLite/Kudu.Core/Deployment/FetchDeploymentManager.cs:line 393" innerText="Deployment failed" innerStackTrace="   at Kudu.Core.Deployment.DeploymentManager.DeployAsync(IRepository repository, ChangeSet changeSet, String deployer, Boolean clean, DeploymentInfoBase deploymentInfo, Boolean needFileUpdate, Boolean fullBuildByDefault) in /tmp/KuduLite/Kudu.Core/Deployment/DeploymentManager.cs:line 307
   at Kudu.Core.Deployment.FetchDeploymentManager.PerformDeployment(DeploymentInfoBase deploymentInfo, IDisposable tempDeployment, ChangeSet tempChangeSet, DeployStatusApiResult updateStatusObj) in /tmp/KuduLite/Kudu.Core/Deployment/FetchDeploymentManager.cs:line 230" /><!-- duration: 9ms -->
    </step><!-- duration: 18754ms -->
