<step title="Incoming Request" date="2025-10-07T20:30:18.108" instance="a2a64a" url="/api/zipdeploy?isAsync=true" method="POST" type="request" pid="768,1,5" Accept="*/*" Host="app-math-zee.scm.azurewebsites.net" User-Agent="AZURECLI/2.77.0 (MSI)" Accept-Encoding="gzip, deflate" Authorization="Bea..." Cache-Control="no-cache" Content-Type="application/octet-stream" Content-Length="4341" x-ms-client-request-id="6b9ecaae-a3bc-11f0-8154-289529daab1e" x-ms-artifact-checksum="8e88f6e28b6b895a089bf0bb0ddb5a08c7362f138ea2e85332071548ec677af1" X-ARR-LOG-ID="6b9ecaae-a3bc-11f0-8154-289529daab1e" CLIENT-IP="8.29.109.216:34782" X-SITE-DEPLOYMENT-ID="app-math-zee" WAS-DEFAULT-HOSTNAME="app-math-zee.scm.azurewebsites.net" X-Forwarded-Proto="https" X-AppService-Proto="https" X-Forwarded-TlsVersion="1.3" X-WAWS-Unencoded-URL="/api/zipdeploy?isAsync=true" X-Client-IP="8.29.109.216" X-Client-Port="34782" >
  <step title="Cleanup Xml Logs" date="2025-10-07T20:30:18.120" /><!-- duration: 4ms -->
  <step title="ZipPushDeploy" date="2025-10-07T20:30:18.137" >
    <step title="ZipDeploy. Extract zip." date="2025-10-07T20:30:18.142" /><!-- duration: 4ms -->
    <step title="Starting PushDeployAsync" date="2025-10-07T20:30:18.150" /><!-- duration: 3ms -->
    <step title="Writing artifact to /tmp/zipdeploy/1e528eaf-7b73-488b-9474-286bbf01437e.zip" date="2025-10-07T20:30:18.157" >
      <step title="Writing multipart request body to /tmp/zipdeploy/1e528eaf-7b73-488b-9474-286bbf01437e.zip" date="2025-10-07T20:30:18.166" /><!-- duration: 9ms -->
    </step><!-- duration: 30ms -->
    <step title="Start deployment in the background" date="2025-10-07T20:30:18.208" >
      <step title="Acquiring Deployment Lock" date="2025-10-07T20:30:18.226" /><!-- duration: 7ms -->
      <step title="Acquired Deployment Lock" date="2025-10-07T20:30:18.257" /><!-- duration: 2ms -->
    </step><!-- duration: 126ms -->
  </step><!-- duration: 199ms -->
  <step title="Outgoing response" date="2025-10-07T20:30:18.339" type="response" statusCode="202" statusText="Accepted" /><!-- duration: 2ms -->
</step><!-- duration: 236ms -->
